frame,cls,r_mean,g_mean,b_mean,r_range,g_range,b_range,r_var,g_var,b_var,x_average,y_average,height,width,area,entropy,r_skewness,g_skewness,b_skewness,r_kurtosis,g_kurtosis,b_kurtosis,luminance,xmin,xmax,ymin,ymax
-1,1,96.79300023025559,101.10914114667281,113.47087266866221,239,239,231,2494.8834693085896,2343.2701513001084,1879.6090410758907,0.8040123456790124,0.19020061728395063,0.0779320987654321,0.044238683127572016,0.003447613422750597,4.544965205448535,0.09228922509327266,0.22128066317695416,0.4249514978862956,-1.1196854512907892,-0.8853515331209652,-0.4931857692651831,103.42481533502188,0.7818930041152263,0.8261316872427984,0.15123456790123457,0.22916666666666666
