frame,cls,r_mean,g_mean,b_mean,r_range,g_range,b_range,r_var,g_var,b_var,x_average,y_average,height,width,area,entropy,r_skewness,g_skewness,b_skewness,r_kurtosis,g_kurtosis,b_kurtosis,luminance,xmin,xmax,ymin,ymax
-1,1,144.45280665280666,131.8994282744283,135.6160083160083,255,255,240,4110.268354908507,3556.221330234626,3860.710138744111,0.8281893004115226,0.20833333333333334,0.11419753086419752,0.1337448559670782,0.015273332317228064,4.250471827447881,0.010906953782933488,0.11716880518293425,0.11859095843827093,-0.708469135020565,-0.7841040264038894,-0.9648024416723842,133.59430011434512,0.7613168724279835,0.8950617283950617,0.15123456790123457,0.2654320987654321
